{"branches": 2.380952380952381, "coverage": 10.059760956175298}
